{
    "classes": [
        "car",
        "bus",
        "truck",
        "person",
        "rider",
        "bike",
        "motor",
        "traffic light",
        "traffic sign",
        "train"
    ],
    "ap_per_class": [
        0.762532651424408,
        0.394657164812088,
        0.4438363313674927,
        0.6525149941444397,
        0.21835996210575104,
        0.23636354506015778,
        0.3636362552642822,
        0.5937138795852661,
        0.5172606706619263,
        0
    ],
    "mAP": 0.4182875454425812
}